-- phpMyAdmin SQL Dump
-- version 4.8.5
-- https://www.phpmyadmin.net/
--
-- Host: 127.0.0.1:3306
-- Generation Time: Jun 11, 2019 at 04:26 AM
-- Server version: 5.6.43
-- PHP Version: 5.6.40

SET SQL_MODE = "NO_AUTO_VALUE_ON_ZERO";
SET AUTOCOMMIT = 0;
START TRANSACTION;
SET time_zone = "+00:00";


/*!40101 SET @OLD_CHARACTER_SET_CLIENT=@@CHARACTER_SET_CLIENT */;
/*!40101 SET @OLD_CHARACTER_SET_RESULTS=@@CHARACTER_SET_RESULTS */;
/*!40101 SET @OLD_COLLATION_CONNECTION=@@COLLATION_CONNECTION */;
/*!40101 SET NAMES utf8mb4 */;

--
-- Database: `camagru`
--

-- --------------------------------------------------------

--
-- Table structure for table `pic`
--

CREATE TABLE `pic` (
  `id` int(11) NOT NULL,
  `user` text NOT NULL,
  `path` text,
  `date` datetime NOT NULL,
  `nb_like` int(11) NOT NULL DEFAULT '0',
  `nb_comment` int(11) NOT NULL DEFAULT '0'
) ENGINE=InnoDB DEFAULT CHARSET=utf8;

--
-- Dumping data for table `pic`
--

INSERT INTO `pic` (`id`, `user`, `path`, `date`, `nb_like`, `nb_comment`) VALUES
(1, 'test25', '../resources/user/test25/7.png', '2019-05-29 00:00:00', 0, 0),
(2, 'test25', '../resources/user/test25/10.png', '2019-05-29 00:00:00', 1, 0),
(3, 'test25', '../resources/user/test25/11.png', '2019-05-29 17:10:28', 0, 0),
(4, 'test25', '../resources/user/test25/12.png', '2019-05-29 17:48:34', 0, 0),
(5, 'test25', '../resources/user/test25/13.png', '2019-05-29 17:50:58', 0, 0),
(6, 'test25', '../resources/user/test25/14.png', '2019-05-29 17:51:29', 0, 0),
(7, 'kashis', '../resources/user/kashis/10.png', '2019-05-29 20:06:53', 1, 0),
(8, 'kashis', '../resources/user/kashis/11.png', '2019-05-30 17:12:02', 0, 0),
(9, 'kashis', '../resources/user/kashis/12.png', '2019-05-30 17:15:40', 0, 0),
(10, 'kashis', '../resources/user/kashis/13.png', '2019-05-30 17:16:10', 0, 0),
(11, 'kashis', '../resources/user/kashis/14.png', '2019-05-30 17:16:33', 0, 0),
(12, 'kashis', '../resources/user/kashis/15.png', '2019-05-31 15:33:05', 0, 0),
(13, 'kashis', '../resources/user/kashis/16.png', '2019-05-31 15:33:16', 1, 0),
(14, 'kashis', '../resources/user/kashis/17.png', '2019-05-31 18:29:43', 0, 0),
(15, 'kashis', '../resources/user/kashis/18.png', '2019-05-31 18:31:45', 0, 1),
(16, 'salutvouscoucou', '../resources/user/salutvouscoucou/1.png', '2019-05-31 18:42:31', 0, 0),
(17, 'kashis', '../resources/user/kashis/19.png', '2019-06-04 20:27:20', 0, 0),
(18, 'kashis', '../resources/user/kashis/20.png', '2019-06-04 21:36:33', 0, 0),
(19, 'kashis', '../resources/user/kashis/21.png', '2019-06-04 21:36:37', 0, 0),
(20, 'kashis', '../resources/user/kashis/22.png', '2019-06-04 21:36:40', 0, 0),
(21, 'kashis', '../resources/user/kashis/23.png', '2019-06-04 21:36:42', 0, 1),
(22, 'kashis', '../resources/user/kashis/24.png', '2019-06-04 21:36:45', 0, 0),
(23, 'kashis', '../resources/user/kashis/25.png', '2019-06-04 21:36:47', 0, 0),
(24, 'kashis', '../resources/user/kashis/26.png', '2019-06-04 21:36:50', 0, 0),
(25, 'kashis', '../resources/user/kashis/27.png', '2019-06-04 21:36:54', 1, 0),
(26, 'kashis', '../resources/user/kashis/28.png', '2019-06-04 21:36:57', 0, 0),
(27, 'kashis', '../resources/user/kashis/29.png', '2019-06-04 21:37:05', 0, 0),
(28, 'kashis', '../resources/user/kashis/30.png', '2019-06-04 21:37:12', 0, 0),
(29, 'kashis', '../resources/user/kashis/31.png', '2019-06-05 06:04:19', 0, 0),
(30, 'kashis', '../resources/user/kashis/32.png', '2019-06-05 06:04:22', 0, 0),
(31, 'kashis', '../resources/user/kashis/33.png', '2019-06-05 06:04:27', 0, 0),
(32, 'kashis', '../resources/user/kashis/34.png', '2019-06-05 06:04:30', 0, 0),
(33, 'kashis', '../resources/user/kashis/35.png', '2019-06-05 06:04:34', 0, 0),
(34, 'kashis', '../resources/user/kashis/36.png', '2019-06-05 06:04:39', 1, 0),
(35, 'kashis', '../resources/user/kashis/37.png', '2019-06-05 06:04:42', 1, 0),
(36, 'kashis', '../resources/user/kashis/38.png', '2019-06-05 06:11:42', 0, 0),
(37, 'kashis', '../resources/user/kashis/39.png', '2019-06-05 19:49:02', 1, 0),
(38, 'kashis', '../resources/user/kashis/40.png', '2019-06-05 19:49:05', 1, 0),
(39, 'kashis', '../resources/user/kashis/41.png', '2019-06-05 19:49:08', 0, 1),
(40, 'kashis', '../resources/user/kashis/42.png', '2019-06-05 19:49:10', 1, 2),
(41, 'kashis', '../resources/user/kashis/43.png', '2019-06-05 19:49:12', 2, 0),
(42, 'kashis', '../resources/user/kashis/44.png', '2019-06-05 20:41:44', 1, 5),
(43, 'test25', '../resources/user/test25/15.png', '2019-06-07 02:21:03', 2, 114),
(44, 'kashis', '../resources/user/kashis/45.png', '2019-06-11 04:34:54', 1, 21),
(45, 'kashis', '../resources/user/kashis/46.png', '2019-06-11 05:53:32', 0, 0),
(46, 'kashis', '../resources/user/kashis/47.png', '2019-06-11 05:53:55', 0, 4),
(47, 'kashis', '../resources/user/kashis/48.png', '2019-06-11 07:09:23', 1, 4),
(49, 'kashis', '../resources/user/kashis/50.png', '2019-06-11 09:38:31', 0, 1),
(50, 'kashis', '../resources/user/kashis/51.png', '2019-06-11 10:04:35', 1, 6),
(51, 'kashis', '../resources/user/kashis/52.png', '2019-06-11 10:27:09', 0, 0),
(52, 'kashis', '../resources/user/kashis/53.png', '2019-06-11 10:27:22', 0, 9),
(53, 'kashis', '../resources/user/kashis/54.png', '2019-06-11 11:21:23', 0, 0),
(54, 'kashis', '../resources/user/kashis/55.png', '2019-06-11 11:22:00', 0, 0),
(55, 'kashis', '../resources/user/kashis/56.png', '2019-06-11 11:23:21', 0, 0),
(56, 'kashis', '../resources/user/kashis/57.png', '2019-06-11 11:23:48', 0, 0),
(57, 'kashis', '../resources/user/kashis/58.png', '2019-06-11 11:28:45', 0, 0),
(58, 'kashis', '../resources/user/kashis/59.png', '2019-06-11 11:34:29', 0, 0),
(59, 'kashis', '../resources/user/kashis/60.png', '2019-06-11 11:35:39', 0, 0),
(60, 'kashis', '../resources/user/kashis/61.png', '2019-06-11 11:38:02', 0, 3);

-- --------------------------------------------------------

--
-- Table structure for table `tab_comment`
--

CREATE TABLE `tab_comment` (
  `id` int(11) NOT NULL,
  `date` datetime NOT NULL,
  `id_pic` int(11) NOT NULL,
  `user` text NOT NULL,
  `comment` text NOT NULL
) ENGINE=InnoDB DEFAULT CHARSET=utf8;

--
-- Dumping data for table `tab_comment`
--

INSERT INTO `tab_comment` (`id`, `date`, `id_pic`, `user`, `comment`) VALUES
(108, '2019-06-10 02:28:09', 43, 'kashis', 'Coucou'),
(109, '2019-06-10 02:30:32', 43, 'kashis', 're coucou'),
(110, '2019-06-10 02:30:58', 43, 'kashis', 'AGAIN A SMALL COUCOU'),
(111, '2019-06-10 02:31:07', 43, 'kashis', 'sdadsadsads'),
(112, '2019-06-10 02:31:31', 43, 'kashis', 'non'),
(113, '2019-06-10 02:38:29', 43, 'kashis', 'ok'),
(114, '2019-06-10 02:39:04', 43, 'kashis', 'wsh'),
(115, '2019-06-10 02:39:12', 43, 'kashis', '??'),
(116, '2019-06-10 02:45:00', 43, 'kashis', 'dsa'),
(117, '2019-06-10 02:45:09', 43, 'kashis', 'das'),
(118, '2019-06-10 02:45:11', 43, 'kashis', 'dsa'),
(119, '2019-06-10 02:45:13', 43, 'kashis', 'dsa'),
(120, '2019-06-10 02:45:14', 43, 'kashis', 'dsa'),
(121, '2019-06-10 02:45:15', 43, 'kashis', 'dsa'),
(122, '2019-06-10 02:45:17', 43, 'kashis', 'dsa'),
(123, '2019-06-10 02:45:48', 43, 'kashis', '16'),
(124, '2019-06-10 02:46:40', 43, 'kashis', 'fds'),
(125, '2019-06-10 02:46:42', 43, 'kashis', 'fds'),
(126, '2019-06-10 02:46:44', 43, 'kashis', 'fds'),
(127, '2019-06-10 02:46:45', 43, 'kashis', 'fds'),
(128, '2019-06-10 02:46:46', 43, 'kashis', 'fds'),
(129, '2019-06-10 02:54:07', 43, 'kashis', 'fds'),
(130, '2019-06-10 02:54:10', 43, 'kashis', 'ok'),
(131, '2019-06-10 02:54:12', 43, 'kashis', 'ok'),
(132, '2019-06-10 02:54:50', 43, 'kashis', 'ok'),
(133, '2019-06-10 02:54:54', 43, 'kashis', 'tre'),
(134, '2019-06-10 02:54:56', 43, 'kashis', 'tre'),
(135, '2019-06-10 02:54:57', 43, 'kashis', 'tre'),
(136, '2019-06-10 02:54:58', 43, 'kashis', 'tre'),
(137, '2019-06-10 02:55:01', 43, 'kashis', 'ewq'),
(138, '2019-06-10 02:55:04', 43, 'kashis', 'eqw'),
(139, '2019-06-10 03:09:44', 43, 'kashis', 'new'),
(140, '2019-06-10 03:12:07', 43, 'kashis', 'MOUAI'),
(141, '2019-06-10 03:21:03', 43, 'kashis', 'last'),
(142, '2019-06-10 03:24:07', 43, 'kashis', 'vbc'),
(143, '2019-06-10 03:24:16', 43, 'kashis', 'bv'),
(144, '2019-06-10 03:24:47', 43, 'kashis', 'nbv'),
(145, '2019-06-10 03:25:52', 43, 'kashis', 'vcx'),
(146, '2019-06-10 03:26:39', 43, 'kashis', 'ok'),
(147, '2019-06-10 03:31:28', 43, 'kashis', 'COUCOUCCOUCOUCOUCOCUOCUCOCUOCUCOCUOXUOZKBCUOBXZI\nCXZPXCZUIXCUIOZCUOIXZCUICX'),
(148, '2019-06-10 03:31:54', 43, 'kashis', 'cx'),
(149, '2019-06-10 03:56:51', 43, 'kashis', 'fds'),
(150, '2019-06-10 03:56:55', 43, 'kashis', 'fds'),
(151, '2019-06-10 03:57:03', 42, 'kashis', 'ok'),
(152, '2019-06-10 03:57:12', 42, 'kashis', 'cest bon enfin'),
(153, '2019-06-10 04:01:23', 43, 'kashis', 'fds'),
(154, '2019-06-10 04:01:40', 43, 'kashis', 'Pars long com'),
(155, '2019-06-10 04:22:45', 43, 'kashis', '&ltinput'),
(156, '2019-06-10 04:22:59', 43, 'kashis', '&ltdiv&gt&lt/div&gt'),
(157, '2019-06-10 04:24:39', 43, 'kashis', '&ltscript type=\&gtalert()&lt/script&gt'),
(158, '2019-06-10 04:50:46', 43, 'kashis', 'fdsfdsfsdfds'),
(159, '2019-06-10 04:57:20', 43, 'kashis', '\nfsdfds'),
(160, '2019-06-10 05:01:00', 43, 'kashis', 'FDSF\n\n\n\n\n\nFDS\n\n\nFDS'),
(161, '2019-06-10 05:01:06', 43, 'kashis', 'fsdfds\nfdsfds\nfds'),
(162, '2019-06-10 05:22:48', 43, 'kashis', 'ds'),
(163, '2019-06-10 05:22:57', 43, 'kashis', 'sda\ndsa\ndsa\ndas\ndsa\ndsa'),
(164, '2019-06-10 05:23:18', 43, 'kashis', 'dsadas\ndasdsa\ndsadas\ndsadsa\ndsadas'),
(165, '2019-06-10 05:23:27', 43, 'kashis', 'dsadsa\ndsadsa\ndasdsa\ndsadsa\ndsadas\ndsadsa'),
(166, '2019-06-10 07:41:46', 43, 'test25', 'aaaaaaaaaaaaaaaaaaaaaaaaaaaaaaaaaaaaaaaaaaaaaaaaaaaaaaaaaaaaaaaaaaaaaaaaaaaaaaaaaaaaaaaaaaaaaaaaaaaaaaaaaaaaaa'),
(167, '2019-06-10 08:04:03', 43, 'kashis', 'dsa'),
(168, '2019-06-10 08:04:04', 43, 'kashis', 'dsa'),
(169, '2019-06-10 08:04:04', 43, 'kashis', 'dsa'),
(170, '2019-06-10 08:04:05', 43, 'kashis', 'dsa'),
(171, '2019-06-10 08:04:05', 43, 'kashis', 'dsa'),
(172, '2019-06-10 08:04:05', 43, 'kashis', 'dsa'),
(173, '2019-06-10 08:04:05', 43, 'kashis', 'ds'),
(174, '2019-06-10 08:04:05', 43, 'kashis', 'af'),
(175, '2019-06-10 08:04:06', 43, 'kashis', 'sf'),
(176, '2019-06-10 08:04:06', 43, 'kashis', 'dd'),
(177, '2019-06-10 08:04:06', 43, 'kashis', 'fsfd'),
(178, '2019-06-10 08:04:06', 43, 'kashis', 's'),
(179, '2019-06-10 08:04:06', 43, 'kashis', 'fds'),
(180, '2019-06-10 08:04:07', 43, 'kashis', 'fds'),
(181, '2019-06-10 08:04:07', 43, 'kashis', 'fds'),
(182, '2019-06-10 08:04:07', 43, 'kashis', 'fd'),
(183, '2019-06-10 08:04:08', 43, 'kashis', 'sf'),
(184, '2019-06-10 08:04:08', 43, 'kashis', 'dsfds'),
(185, '2019-06-10 08:04:10', 43, 'kashis', 'fdsfds'),
(186, '2019-06-10 08:04:10', 43, 'kashis', 'fds'),
(187, '2019-06-10 08:04:10', 43, 'kashis', 'fds'),
(188, '2019-06-10 08:04:11', 43, 'kashis', 'dfs'),
(189, '2019-06-10 08:04:11', 43, 'kashis', 'dsfds'),
(190, '2019-06-10 08:04:11', 43, 'kashis', 'fds'),
(191, '2019-06-10 08:04:12', 43, 'kashis', 'dfsdfs'),
(192, '2019-06-10 08:04:12', 43, 'kashis', 'fds'),
(193, '2019-06-10 08:04:13', 43, 'kashis', 'fsdfdsdfsfds'),
(194, '2019-06-10 08:04:13', 43, 'kashis', 'dfssdf'),
(195, '2019-06-10 08:04:14', 43, 'kashis', 'fsddsfgsdgd'),
(196, '2019-06-10 08:04:15', 43, 'kashis', 'dgs'),
(197, '2019-06-10 08:04:15', 43, 'kashis', 'dgs'),
(198, '2019-06-10 08:04:16', 43, 'kashis', 'd'),
(199, '2019-06-10 08:04:16', 43, 'kashis', 'd'),
(200, '2019-06-10 08:04:16', 43, 'kashis', 'd'),
(201, '2019-06-10 08:04:16', 43, 'kashis', 'd'),
(202, '2019-06-10 08:04:17', 43, 'kashis', 'd'),
(203, '2019-06-10 08:04:17', 43, 'kashis', 'd'),
(204, '2019-06-10 08:04:17', 43, 'kashis', 'd'),
(205, '2019-06-10 08:04:17', 43, 'kashis', 'd'),
(206, '2019-06-10 08:04:18', 43, 'kashis', 'dd'),
(207, '2019-06-10 08:04:18', 43, 'kashis', 'd'),
(208, '2019-06-10 08:04:18', 43, 'kashis', 'd'),
(209, '2019-06-10 08:04:19', 43, 'kashis', 'd'),
(210, '2019-06-10 08:04:19', 43, 'kashis', 'd'),
(211, '2019-06-10 08:04:19', 43, 'kashis', 'd'),
(212, '2019-06-10 08:04:20', 43, 'kashis', 'd'),
(213, '2019-06-10 08:04:20', 43, 'kashis', 'd'),
(214, '2019-06-10 08:04:20', 43, 'kashis', 'd'),
(215, '2019-06-10 08:04:20', 43, 'kashis', 'd'),
(216, '2019-06-10 08:04:21', 43, 'kashis', 'd'),
(217, '2019-06-10 08:04:21', 43, 'kashis', 'd'),
(218, '2019-06-10 08:14:39', 42, 'kashis', 'aaaaaaaaaaaaaaaaaaaaaaaaaaaaaaaaaaaaaaaaaaaaaaaaaaaaaaaaaaaaaaaaaaaaaaaaaaaaaaaaaaaaaaaaaaaaaaaaaaaaaaaaaaaaaaaaaaaaaaaaaaaaaaaaaaaaaaaaaaaaaaaaaaaaaaaaaaaaaaaaaaaaaaaaaaaaaaaaaaaaaaaaaaaaaaaaaaaaaaaaaaaaaaaaaaaaaaaaaaaaaaaaaaaaaaaaaaaaaaaaaaaaaaa'),
(219, '2019-06-11 00:48:52', 42, 'kashis', 'Salut'),
(220, '2019-06-11 00:49:20', 42, 'kashis', '1 Salut\n2 coucou'),
(221, '2019-06-11 05:40:36', 44, 'kashis', 'ok'),
(222, '2019-06-11 05:40:38', 44, 'kashis', 'ok'),
(223, '2019-06-11 05:40:40', 44, 'kashis', 'ok'),
(224, '2019-06-11 05:40:40', 44, 'kashis', 'ok'),
(225, '2019-06-11 05:40:56', 44, 'kashis', 'das'),
(226, '2019-06-11 05:51:12', 44, 'kashis', '\n'),
(227, '2019-06-11 05:51:15', 44, 'kashis', '\n'),
(228, '2019-06-11 05:51:20', 44, 'kashis', 'fdsfds'),
(229, '2019-06-11 05:51:22', 44, 'kashis', 'fdsfds'),
(230, '2019-06-11 05:51:23', 44, 'kashis', 'fds'),
(231, '2019-06-11 05:51:24', 44, 'kashis', 'fds'),
(232, '2019-06-11 05:51:24', 44, 'kashis', 'dfs'),
(233, '2019-06-11 05:51:24', 44, 'kashis', 'dsf'),
(234, '2019-06-11 05:51:24', 44, 'kashis', 'ds'),
(235, '2019-06-11 05:51:24', 44, 'kashis', 'fd'),
(236, '2019-06-11 05:51:24', 44, 'kashis', 'sf'),
(237, '2019-06-11 05:51:25', 44, 'kashis', 'd'),
(238, '2019-06-11 05:51:25', 44, 'kashis', 'sf'),
(239, '2019-06-11 05:51:25', 44, 'kashis', 'ds'),
(240, '2019-06-11 05:51:44', 44, 'kashis', 'fds'),
(241, '2019-06-11 05:52:58', 40, 'kashis', 'Ptdr=1'),
(242, '2019-06-11 05:53:12', 40, 'kashis', 'Lol linjection SQL MARCBEBVJV PAS'),
(243, '2019-06-11 05:53:25', 44, 'kashis', 'Luca t 1 pd'),
(244, '2019-06-11 05:56:54', 15, 'kashis', 'Allan T bo'),
(245, '2019-06-11 07:06:35', 46, 'kashis', 'Oui'),
(246, '2019-06-11 07:06:44', 46, 'kashis', 'OUI\nNON\nOUI'),
(247, '2019-06-11 07:07:15', 46, 'kashis', 'OK'),
(248, '2019-06-11 07:08:55', 46, 'kashis', 'bvcbvcvbc'),
(249, '2019-06-11 09:20:59', 47, 'kashis', 'oui'),
(250, '2019-06-11 09:21:08', 47, 'kashis', 'oui\nnon'),
(251, '2019-06-11 10:00:51', 43, 'kashis', 'fdsjklfdjsklfdjsl'),
(252, '2019-06-11 10:01:04', 43, 'kashis', 'oui\noui'),
(253, '2019-06-11 10:01:17', 43, 'kashis', 'qwqewqewqewqqwqewqewqewqqwqewqewqewqqwqewqewqewqqwqewqewqewqqwqewqewqewqqwqewqewqewqqwqewqewqewqqwqewqewqewqqwqewqewqewqqwqewqewqewqqwqewqewqewqqwqewqewqewqqwqewqewqewqqwqewqewqewqqwqewqewqewqqwqewqewqewqqwqewqewqewqqwqewqewqewqqwqe'),
(254, '2019-06-11 10:01:40', 43, 'kashis', 'fdsfdsfds'),
(255, '2019-06-11 10:02:30', 49, 'kashis', 'fgxhfd'),
(256, '2019-06-11 10:02:43', 43, 'kashis', 'fdsdfs'),
(257, '2019-06-11 10:02:44', 43, 'kashis', 'fdsfds'),
(258, '2019-06-11 10:04:42', 50, 'kashis', 'pute'),
(259, '2019-06-11 10:16:04', 50, 'kashis', 'fuck'),
(260, '2019-06-11 10:16:07', 50, 'kashis', 'vdkxnck'),
(261, '2019-06-11 10:16:09', 50, 'kashis', 'lxz\vmlvcx\nDDFL:S'),
(262, '2019-06-11 10:16:14', 50, 'kashis', 'dslkffndksln\nfdsfdskljfds'),
(263, '2019-06-11 10:32:12', 50, 'kashis', 'ljk'),
(264, '2019-06-11 10:42:16', 52, 'kashis', 'fdsfds'),
(265, '2019-06-11 10:42:17', 52, 'kashis', 'fsdf'),
(266, '2019-06-11 10:42:18', 52, 'kashis', 'fds'),
(267, '2019-06-11 10:42:18', 52, 'kashis', 'ds'),
(268, '2019-06-11 10:42:18', 52, 'kashis', 'fds'),
(269, '2019-06-11 10:42:20', 52, 'kashis', 'fds'),
(270, '2019-06-11 10:42:21', 52, 'kashis', 'fds'),
(271, '2019-06-11 10:42:34', 47, 'kashis', 'dfsdf'),
(272, '2019-06-11 10:42:36', 47, 'kashis', 'fdsfds'),
(273, '2019-06-11 10:46:44', 52, 'kashis', 'fdsfds'),
(274, '2019-06-11 10:46:56', 52, 'kashis', 'lol'),
(275, '2019-06-11 13:04:57', 60, 'kashis', 'oui'),
(276, '2019-06-11 13:05:01', 60, 'kashis', 'oui2'),
(277, '2019-06-11 13:05:11', 60, 'kashis', 'ouioui');

-- --------------------------------------------------------

--
-- Table structure for table `tab_like`
--

CREATE TABLE `tab_like` (
  `id` int(11) NOT NULL,
  `id_pic` int(11) NOT NULL,
  `login` text NOT NULL
) ENGINE=InnoDB DEFAULT CHARSET=utf8;

--
-- Dumping data for table `tab_like`
--

INSERT INTO `tab_like` (`id`, `id_pic`, `login`) VALUES
(36, 34, 'kashis'),
(37, 35, 'kashis'),
(42, 38, 'kashis'),
(43, 41, 'kashis'),
(45, 37, 'kashis'),
(67, 13, 'test25'),
(72, 43, 'test25'),
(78, 7, 'test25'),
(81, 25, 'test25'),
(84, 41, 'test25'),
(86, 2, 'kashis'),
(88, 42, 'kashis'),
(125, 0, 'kashis'),
(164, 44, 'kashis'),
(165, 40, 'kashis'),
(199, 43, 'kashis'),
(200, 47, 'kashis'),
(201, 50, 'kashis');

-- --------------------------------------------------------

--
-- Table structure for table `user`
--

CREATE TABLE `user` (
  `id` int(11) NOT NULL,
  `login` text,
  `password` text,
  `mail` text,
  `VALIDE` tinyint(4) DEFAULT NULL,
  `root` tinyint(1) DEFAULT '0',
  `token` tinytext NOT NULL
) ENGINE=InnoDB DEFAULT CHARSET=utf8;

--
-- Dumping data for table `user`
--

INSERT INTO `user` (`id`, `login`, `password`, `mail`, `VALIDE`, `root`, `token`) VALUES
(2, 'root', '06948d93cd1e0855ea37e75ad516a250d2d0772890b073808d831c438509190162c0d890b17001361820cffc30d50f010c387e9df943065aa8f4e92e63ff060c', NULL, 1, 0, ''),
(6, 'TESTEUU', 'd1b85af908404fc620f5d4956d1db2cefea9929e0bb03005f7e01cc7c75a11d342c89e125d50ec0aca26ed9cfb399934c65e2733cacf95d890f0fd8c0039ddad', 'new@new.fr', 0, 0, ''),
(8, 'tamer', 'fd9d94340dbd72c11b37ebb0d2a19b4d05e00fd78e4e2ce8923b9ea3a54e900df181cfb112a8a73228d1f3551680e2ad9701a4fcfb248fa7fa77b95180628bb2', 'simphilippe42@yahoo.fr', 0, 0, ''),
(9, 'tonpere', 'fd9d94340dbd72c11b37ebb0d2a19b4d05e00fd78e4e2ce8923b9ea3a54e900df181cfb112a8a73228d1f3551680e2ad9701a4fcfb248fa7fa77b95180628bb2', 'simphilippe40@yahoo.fr', 0, 0, ''),
(10, 'TASOEUR', 'fd9d94340dbd72c11b37ebb0d2a19b4d05e00fd78e4e2ce8923b9ea3a54e900df181cfb112a8a73228d1f3551680e2ad9701a4fcfb248fa7fa77b95180628bb2', 'simphilippe43@yahoo.fr', 0, 0, ''),
(11, 'okokok', 'd1b85af908404fc620f5d4956d1db2cefea9929e0bb03005f7e01cc7c75a11d342c89e125d50ec0aca26ed9cfb399934c65e2733cacf95d890f0fd8c0039ddad', 'nimp@a.fr', 0, 0, ''),
(12, 'lolilol', '614cad4f3f8535d4c8c9a952f9808778c2eeb9014755371d98d82446915b055e5cb2451c996edb51ba94c890f3bc5c28a7f4513874e8e51248bd36ece7342014', 'escatrag@spam.com', 0, 0, ''),
(15, 'okok', 'd1b85af908404fc620f5d4956d1db2cefea9929e0bb03005f7e01cc7c75a11d342c89e125d50ec0aca26ed9cfb399934c65e2733cacf95d890f0fd8c0039ddad', 'okok@okok.fr', 0, 0, '3c3656b5b9bed9d33812c70c64bf1066'),
(16, 'ookk', 'd1b85af908404fc620f5d4956d1db2cefea9929e0bb03005f7e01cc7c75a11d342c89e125d50ec0aca26ed9cfb399934c65e2733cacf95d890f0fd8c0039ddad', 'weqqwewq@OKOK.FR', 0, 0, 'c9053594734eacc152fe3d43d1bc2a9c'),
(17, 'qwerty', 'd1b85af908404fc620f5d4956d1db2cefea9929e0bb03005f7e01cc7c75a11d342c89e125d50ec0aca26ed9cfb399934c65e2733cacf95d890f0fd8c0039ddad', 'test44@test.fr', 0, 0, '37ac4a72ec69cb47e1bc3d2fe4725d66'),
(18, 'kashis', '7e77279cb4b3e9ce20b50e853e466d5af7cd63faddca227c8ef7b6d5aaece35f340c1f35e9b468bebe73c29da1057bafa2790a5ec05176f3fb07cd3d9a43cb24', 'mouenba@hotmail.fr', 1, 0, 'e6f2ee8ada794ae6d1c4a3b264161ee3'),
(19, 'yop', '37f1ff9033038ebf0deb4cb5b5807eb01a081e366e95f1ce988e550b21c99e9e5ccb3b0998285b59c5b464a55e5fefdb1357235bfa6e39f155d5ec94fb251806', 'testyop@yopmail.com', 0, 0, 'bb2fe304f37ee171d4721ef3c85f271d'),
(20, 'yop2', '37f1ff9033038ebf0deb4cb5b5807eb01a081e366e95f1ce988e550b21c99e9e5ccb3b0998285b59c5b464a55e5fefdb1357235bfa6e39f155d5ec94fb251806', 'alt.xa-drn8m0h@yopmail.com', 0, 0, 'e0c303b0db70df09cf15d0b62c9b7787'),
(21, 'cama', '7e77279cb4b3e9ce20b50e853e466d5af7cd63faddca227c8ef7b6d5aaece35f340c1f35e9b468bebe73c29da1057bafa2790a5ec05176f3fb07cd3d9a43cb24', 'camagru@yopmail.com', 0, 0, 'fd55a4fc7dba8d9d12c7bbb052b280d1'),
(22, 'test25', '7e77279cb4b3e9ce20b50e853e466d5af7cd63faddca227c8ef7b6d5aaece35f340c1f35e9b468bebe73c29da1057bafa2790a5ec05176f3fb07cd3d9a43cb24', 'cf75b2b900@himail.online', 1, 0, 'dc7fe70f6f2e08be54139d3476db1ebd'),
(23, 'Salutlesamis', 'd1b85af908404fc620f5d4956d1db2cefea9929e0bb03005f7e01cc7c75a11d342c89e125d50ec0aca26ed9cfb399934c65e2733cacf95d890f0fd8c0039ddad', 'y334866@nwytg.net', 0, 0, '4c21426bcb73d861281d9e1455229bb2'),
(24, 'salutvouscoucou', 'd1b85af908404fc620f5d4956d1db2cefea9929e0bb03005f7e01cc7c75a11d342c89e125d50ec0aca26ed9cfb399934c65e2733cacf95d890f0fd8c0039ddad', 'd8cfca8994@himail.online', 1, 0, '8fbdb656831e683ac5f997e2a80b4c61');

--
-- Indexes for dumped tables
--

--
-- Indexes for table `pic`
--
ALTER TABLE `pic`
  ADD PRIMARY KEY (`id`);

--
-- Indexes for table `tab_comment`
--
ALTER TABLE `tab_comment`
  ADD PRIMARY KEY (`id`);

--
-- Indexes for table `tab_like`
--
ALTER TABLE `tab_like`
  ADD PRIMARY KEY (`id`);

--
-- Indexes for table `user`
--
ALTER TABLE `user`
  ADD PRIMARY KEY (`id`);

--
-- AUTO_INCREMENT for dumped tables
--

--
-- AUTO_INCREMENT for table `pic`
--
ALTER TABLE `pic`
  MODIFY `id` int(11) NOT NULL AUTO_INCREMENT, AUTO_INCREMENT=61;

--
-- AUTO_INCREMENT for table `tab_comment`
--
ALTER TABLE `tab_comment`
  MODIFY `id` int(11) NOT NULL AUTO_INCREMENT, AUTO_INCREMENT=278;

--
-- AUTO_INCREMENT for table `tab_like`
--
ALTER TABLE `tab_like`
  MODIFY `id` int(11) NOT NULL AUTO_INCREMENT, AUTO_INCREMENT=204;

--
-- AUTO_INCREMENT for table `user`
--
ALTER TABLE `user`
  MODIFY `id` int(11) NOT NULL AUTO_INCREMENT, AUTO_INCREMENT=25;
COMMIT;

/*!40101 SET CHARACTER_SET_CLIENT=@OLD_CHARACTER_SET_CLIENT */;
/*!40101 SET CHARACTER_SET_RESULTS=@OLD_CHARACTER_SET_RESULTS */;
/*!40101 SET COLLATION_CONNECTION=@OLD_COLLATION_CONNECTION */;
